{"loss": [12.989829063415527, 12.705897331237793, 12.323348045349121, 12.02639389038086, 11.493579864501953, 11.112764358520508, 10.862740516662598, 10.048686981201172, 9.77126693725586, 8.98929500579834, 8.3762845993042, 7.48866605758667, 7.021488666534424, 5.984320163726807, 4.9613566398620605, 4.106382369995117, 3.5070559978485107, 3.322239637374878, 3.4582247734069824, 2.99800968170166, 3.370737075805664, 3.2050046920776367, 3.055413246154785], "mae": [3.160904884338379, 3.10929012298584, 3.050016403198242, 2.9992563724517822, 2.9101948738098145, 2.828388214111328, 2.7835686206817627, 2.6556718349456787, 2.5821852684020996, 2.444932222366333, 2.307671070098877, 2.1745500564575195, 2.1413261890411377, 1.9678219556808472, 1.7771769762039185, 1.715566873550415, 1.6083128452301025, 1.5641188621520996, 1.635807991027832, 1.488084316253662, 1.6128586530685425, 1.5729279518127441, 1.5027719736099243], "val_loss": [10.97089672088623, 10.588150024414062, 10.22107982635498, 9.817197799682617, 9.364716529846191, 8.864200592041016, 8.320727348327637, 7.713231086730957, 7.045249938964844, 6.343297004699707, 5.609130859375, 4.8823957443237305, 4.208097457885742, 3.6137959957122803, 3.144371509552002, 2.8188998699188232, 2.629055976867676, 2.566784381866455, 2.5880980491638184, 2.6559836864471436, 2.7344164848327637, 2.7714033126831055, 2.79488205909729], "val_mae": [2.9078316688537598, 2.8410449028015137, 2.775989055633545, 2.702549457550049, 2.617445230484009, 2.5194320678710938, 2.407984972000122, 2.2769887447357178, 2.123249053955078, 1.9875614643096924, 1.8897016048431396, 1.7798058986663818, 1.660388708114624, 1.5317919254302979, 1.5124609470367432, 1.5123845338821411, 1.5120766162872314, 1.5117297172546387, 1.5112941265106201, 1.5108164548873901, 1.5103490352630615, 1.510097861289978, 1.509852647781372], "lr": [0.0010000000474974513, 0.0010000000474974513, 0.0010000000474974513, 0.0010000000474974513, 0.0010000000474974513, 0.0010000000474974513, 0.0010000000474974513, 0.0010000000474974513, 0.0010000000474974513, 0.0010000000474974513, 0.0010000000474974513, 0.0010000000474974513, 0.0010000000474974513, 0.0010000000474974513, 0.0010000000474974513, 0.0010000000474974513, 0.0010000000474974513, 0.0010000000474974513, 0.0010000000474974513, 0.0010000000474974513, 0.0010000000474974513, 0.0005000000237487257, 0.0005000000237487257]}