{"loss": [1.1019872426986694, 1.0800480842590332, 1.0661094188690186, 1.0445914268493652, 1.021681308746338, 1.002821922302246, 0.9844643473625183, 0.9566938877105713, 0.9272041320800781, 0.8909977674484253, 0.8557676672935486, 0.7996957898139954, 0.762018620967865, 0.7534435391426086, 0.6606991291046143, 0.623244047164917, 0.6141008734703064, 0.5765630006790161, 0.5440881848335266, 0.5268747210502625], "accuracy": [0.2222222238779068, 0.7777777910232544, 0.7222222089767456, 0.8333333134651184, 0.8333333134651184, 0.8333333134651184, 0.7777777910232544, 0.8333333134651184, 0.8333333134651184, 0.8333333134651184, 0.8333333134651184, 0.8333333134651184, 0.8333333134651184, 0.8333333134651184, 0.8333333134651184, 0.8333333134651184, 0.8333333134651184, 0.8333333134651184, 0.8333333134651184, 0.8333333134651184], "val_loss": [1.0890053510665894, 1.0780549049377441, 1.068845510482788, 1.054650068283081, 1.0390321016311646, 1.0247912406921387, 1.0057520866394043, 0.9842109680175781, 0.960920512676239, 0.9362456798553467, 0.9140114188194275, 0.8928220868110657, 0.8752009868621826, 0.8656567335128784, 0.8643495440483093, 0.8736544847488403, 0.8910382390022278, 0.9154012203216553, 0.928825318813324, 0.943155825138092], "val_accuracy": [0.75, 0.75, 0.75, 0.75, 0.75, 0.75, 0.75, 0.75, 0.75, 0.75, 0.75, 0.75, 0.75, 0.75, 0.75, 0.75, 0.75, 0.75, 0.75, 0.75], "lr": [0.0010000000474974513, 0.0010000000474974513, 0.0010000000474974513, 0.0010000000474974513, 0.0010000000474974513, 0.0010000000474974513, 0.0010000000474974513, 0.0010000000474974513, 0.0010000000474974513, 0.0010000000474974513, 0.0010000000474974513, 0.0010000000474974513, 0.0010000000474974513, 0.0010000000474974513, 0.0010000000474974513, 0.0010000000474974513, 0.0010000000474974513, 0.0010000000474974513, 0.0005000000237487257, 0.0005000000237487257]}